{
    "area_affected": [
        "& Harris County",
        "AEP Ohio Power Footprint",
        "Acadia Parish",
        "Ada County",
        "Adair County",
        "Adams County",
        "Aiken County",
        "Alabama",
        "Alachua County",
        "Alameda County",
        "Albany",
        "Albany County",
        "Alberta",
        "Alcona County",
        "Allegan County",
        "Allegheny County",
        "Allen Parish",
        "Allendale County",
        "Amador County",
        "American Electric Power (Regulated Generation)",
        "Anderson County",
        "Andrew County",
        "Angelina County",
        "Anne Arundel County",
        "Anoka County",
        "Antrim County",
        "Apex Generating Station",
        "Aransas County",
        "Archer County",
        "Arenac County",
        "Arizona",
        "Arkansas",
        "Arkansas County",
        "Arlington",
        "Armstrong County",
        "Ascension Parish",
        "Ashland",
        "Atchison County",
        "Atlantic County",
        "Austin County",
        "Austin Energy",
        "Avoyelles Parish",
        "Baker County",
        "Baldwin County",
        "Baltimore",
        "Baltimore County",
        "Bamberg County",
        "Bannock County",
        "Barbour County",
        "Barry County",
        "Bartow County",
        "Bastrop County",
        "Baton Rouge",
        "Bay County",
        "Beaufort County",
        "Beauregard Parish",
        "Beaver County",
        "Bee County",
        "Bell County",
        "Bend",
        "Benewah County",
        "Benton County",
        "Benzie County",
        "Bergen County",
        "Berkeley County",
        "Berks County",
        "Bernalillo County",
        "Bertie County",
        "Bexar County",
        "Big Horn County",
        "Black Hawk County",
        "Blaine County",
        "Blanco County",
        "Bonner County",
        "Bonneville County",
        "Bonneville Power Administration",
        "Boone County",
        "Bosque County",
        "Boston",
        "Boston area and Southeast Massachusetts",
        "Bottineau County",
        "Boundary County",
        "Bowie County",
        "Bowman County",
        "Box Elder County",
        "Boyle County",
        "Branch County",
        "Brazos County",
        "Brevard County",
        "Bristol County",
        "British Columbia",
        "British Columbia & Alberta",
        "Bronx County",
        "Brooks County",
        "Broome County",
        "Broward County",
        "Brown County",
        "Brunswick County",
        "Buchanan County",
        "Bucks County",
        "Bullitt County",
        "Burke County",
        "Burleigh County",
        "Burleson County",
        "Burlington County",
        "Burt County",
        "Butler County",
        "Butte County",
        "Cabell County",
        "Cabot",
        "Cabot Arkansas",
        "Calaveras County",
        "Calcasieu Parish",
        "Caldwell County",
        "Calhoun County",
        "California",
        "Callahan County",
        "Calumet County",
        "Calvert County",
        "Cambria County",
        "Camden County",
        "Cameron",
        "Cameron County",
        "Canada",
        "Canadian County",
        "Cape May County",
        "Carbon County",
        "Carmel",
        "Carroll County",
        "Carson City",
        "Cass County",
        "Catahoula Parish",
        "Cave Junction",
        "Cecil County",
        "Cedar County",
        "Central Arkansas",
        "Central California",
        "Central Coast California",
        "Central Coast area",
        "Central Illinois",
        "Central Indiana",
        "Central Maine Maine",
        "Central Minnesota",
        "Central Missouri",
        "Central Oklahoma",
        "Central and Eastern New York",
        "Central and Eastern North Carolina",
        "Central and Eastern Virginia",
        "Central and Northeastern Pennsylvania",
        "Central and eastern Massachusetts",
        "Chambers County",
        "Chariton County",
        "Charleston County",
        "Charlevoix County",
        "Chaves County",
        "Cheboygan County",
        "Chelan County",
        "Chemung County",
        "Chenango County",
        "Cherokee County",
        "Chester County",
        "Chesterfield County",
        "Chippewa County",
        "Chisago County",
        "Chittenden County",
        "Chowan County",
        "Christian County",
        "Churchill County",
        "Cincinnati",
        "Citrus County",
        "City and County of",
        "City of",
        "City of Highland",
        "Clackamas County",
        "Clare County",
        "Clarendon County",
        "Clark County",
        "Clarke County",
        "Clatsop County",
        "Clay County",
        "Clayton County",
        "Clear Creek County",
        "Cleveland County",
        "Clinton County",
        "Coahoma County",
        "Coconino County",
        "Codington County",
        "Colbert Steam Plant in Cherokee",
        "Colfax County",
        "Colleton County",
        "Collin County",
        "Colorado",
        "Colorado County",
        "Colorado Springs",
        "Columbia County",
        "Columbus County",
        "Colusa County",
        "Comanche County",
        "Concordia Parish",
        "Conecuh County",
        "Connecicut",
        "Connecticut",
        "Conroe",
        "Consolidated Edison of New York",
        "Consolidated Municipality of",
        "Consumers Energy Co",
        "Contra Costa County",
        "Converse County",
        "Cook County",
        "Cooke County",
        "Coos County",
        "Cortland County",
        "Coryell County",
        "Covington County",
        "Cowlitz County",
        "Craven County",
        "Crawford County",
        "Crook County",
        "Cross County",
        "Culberson County",
        "Cumberland County",
        "Custer County",
        "Cuyahoga County",
        "Dade County",
        "Daggett County",
        "Dakota County",
        "Dallas",
        "Dallas County",
        "Dane County",
        "Darke County",
        "Darlington County",
        "Dauphin County",
        "Davidson County",
        "Daviess County",
        "Davis",
        "Davison County",
        "Dawson County",
        "Daytona Beach Florida",
        "De Soto Parish",
        "DeKalb County",
        "DeSoto County",
        "DeWitt County",
        "Dearborn County",
        "Delaware",
        "Delaware City",
        "Delaware County",
        "Delta County",
        "Denton",
        "Denton County",
        "Denver",
        "Deschutes County",
        "Deuel County",
        "Dillon County",
        "District of Columbia",
        "Dixie County",
        "Dodge County",
        "Door County",
        "Dorchester County",
        "Douglas County",
        "DuPage County",
        "Duchesne County",
        "Dunismuir",
        "Dunklin County",
        "Dunn County",
        "Duplin County",
        "Durham County",
        "Dutchess County",
        "Duval County",
        "ERCOT Region Texas",
        "East Baton Rouge Parish",
        "East Tennessee",
        "Eastern Central New Mexico",
        "Eastern Central Wisconsin",
        "Eastern Massachusetts",
        "Eastern Montana",
        "Eastern Pennsylvania",
        "Eastland County",
        "Eaton County",
        "Eau Claire County",
        "Ector County",
        "Eddy County",
        "El Dorado County",
        "El Paso",
        "El Paso County",
        "El Reno",
        "Elizabeth City",
        "Ellis County",
        "Elmore County",
        "Emery County",
        "Emmet County",
        "Emmons County",
        "Enfield",
        "Entire ComEd Territory Illinois",
        "Entire ComEd territory Illinois",
        "Entire Lower Peninsula Michigan",
        "Erath County",
        "Erie",
        "Erie County",
        "Escambia County",
        "Essex County",
        "Estacada",
        "Evangeline Parish",
        "Falls County",
        "Fannin County",
        "Fayette County",
        "Fayetteville",
        "Fentress County",
        "First Energy Solutions Corp.",
        "Flagler County",
        "Flathead County",
        "Florence County",
        "Florida",
        "Floyd County",
        "Fluvanna County",
        "Ford County",
        "Forest County",
        "Forrest County",
        "Fort Bend County",
        "Fort Washington",
        "Fort Worth",
        "Franklin County",
        "Freestone County",
        "Fresno County",
        "Frio County",
        "Frontier/Genesee/Northern New York",
        "Fulton County",
        "Gallatin County",
        "Gallia County",
        "Garden City",
        "Garfield County",
        "Garland County",
        "Garrett County",
        "Gates County",
        "GenOn Energy \u2013 New Castle Power LLC",
        "Genesee County",
        "Georgetown County",
        "Georgia",
        "Gibson County",
        "Gila River",
        "Gilabend Arizona",
        "Gilchrist County",
        "Gilliam County",
        "Gladwin County",
        "Glendale",
        "Glenn County",
        "Gloucester County",
        "Gonzales Area Louisiana",
        "Gonzales County",
        "Goodhue County",
        "Grand Traverse County",
        "Grant County",
        "Grant Parish",
        "Gratiot County",
        "Grayson County",
        "Greater Houston",
        "Greater Portland & Salem",
        "Greater Portland and Salem",
        "Green Bay",
        "Greene County",
        "Greenville County",
        "Grundy County",
        "Guadalupe County",
        "Gulf County",
        "Gwinnett County",
        "Hamilton County",
        "Hampden County",
        "Hampton County",
        "Hancock County",
        "Hanover County",
        "Hardee County",
        "Hardin County",
        "Harford County",
        "Harper County",
        "Harris County",
        "Harrison County",
        "Hart County",
        "Hartley County",
        "Harvey",
        "Haskell County",
        "Hays County",
        "Heard County",
        "Henderson County",
        "Hendricks County",
        "Henepin and Ramsey County",
        "Hennepin County",
        "Henrico County",
        "Henry County",
        "Herkimer County",
        "Hernando County",
        "Hidalgo County",
        "Highlands County",
        "Hill County",
        "Hillsborough County",
        "Hillsborough County Florida",
        "Hillsdale County",
        "Hockley County",
        "Holloman Air Force Base",
        "Holt County",
        "Holtsville",
        "Hood County",
        "Hopkins County",
        "Horry County",
        "Hot Spring County",
        "Houghton County",
        "Houston",
        "Houston County",
        "Houston Service Area Texas",
        "Howard County",
        "Hughes County",
        "Humboldt County",
        "Hunt County",
        "Huron County",
        "ISO New England",
        "Iberia Parish",
        "Iberville Parish",
        "Idaho",
        "Idaho County",
        "Idaho Falls Area Idaho",
        "Illinois",
        "Imperial County",
        "Imperial Valley",
        "Inc.",
        "Indiana",
        "Indiana County",
        "Ingham County",
        "Inyo County",
        "Ionia County",
        "Iosco County",
        "Iowa",
        "Iowa County",
        "Iron County",
        "Iroquois County",
        "Isabella County",
        "Island County",
        "Jack County",
        "Jackson County",
        "Jacksonville",
        "Jasper County",
        "Jefferson County",
        "Jefferson Davis Parish",
        "Jerome County",
        "Jessamine County",
        "Jim Hogg County",
        "Jim Wells County",
        "Johnson City",
        "Johnson County",
        "Jones County",
        "Joplin",
        "Josephine County",
        "Juniata County",
        "Kalamazoo County",
        "Kalkaska County",
        "Kanawha County",
        "Kane County",
        "Kankakee County",
        "Kansas",
        "Kaufman County",
        "Kay County",
        "Kearney County",
        "Kendall County",
        "Kenedy County",
        "Kennebec County",
        "Kenosha County",
        "Kent County",
        "Kentucky",
        "Keo",
        "Kern County",
        "Kerr County",
        "Kershaw County",
        "Kewaunee County",
        "King",
        "King County",
        "Kings County",
        "Kinney County",
        "Kitsap",
        "Kitsap County",
        "Kittitas County",
        "Klamath County",
        "Kleberg County",
        "Knox County",
        "Kootenai County",
        "Kountze",
        "LUMA Energy",
        "La Crosse County",
        "La Plata County",
        "LaRue County",
        "LaSalle County",
        "LaSalle Parish",
        "Lackawanna County",
        "Lafayette County",
        "Lafayette Parish",
        "Lafourche Parish",
        "Lake County",
        "Lamar County",
        "Lamb County",
        "Lamoille County",
        "Lampasas County",
        "Lancaster County",
        "Lancaster Region",
        "Lane County",
        "Langlade County",
        "Lapeer County",
        "Larimer County",
        "Las Cruces",
        "Lassen County",
        "Latah County",
        "Laurens County",
        "Lavaca County",
        "Lawrence County",
        "Layton",
        "Lea County",
        "Lebanon County",
        "Lee County",
        "Leelanau County",
        "Lehigh County",
        "Lenawee County",
        "Leon County",
        "Levy County",
        "Lewis County",
        "Liberty County",
        "Limestone County",
        "Lincoln County",
        "Linn County",
        "Live Oak County",
        "Livingston County",
        "Llano County",
        "Location Unknown",
        "Logan County",
        "Lorain County",
        "Los Angeles County",
        "Los Angeles and Orange Counties",
        "Loudoun County",
        "Louisiana",
        "Louisiana and Texas",
        "Lower Colorado River Authority",
        "Lower Peninsula of Michigan",
        "Lowndes County",
        "Lubbock County",
        "Luzerne County",
        "Lycoming County",
        "Lynn County",
        "Lyon County",
        "MISO North",
        "Macomb County",
        "Macon County",
        "Madison",
        "Madison County",
        "Maine",
        "Manatee County",
        "Manistee County",
        "Manitoba",
        "Manitowoc County",
        "Marathon County",
        "Maricopa County",
        "Marin County",
        "Marinette County",
        "Marion County",
        "Marlboro County",
        "Marshall County",
        "Martin County",
        "Maryland",
        "Mason County",
        "Massac County",
        "Massachusetts",
        "Matagorda County",
        "Maumelle",
        "McHenry County",
        "McIntosh County",
        "McKenzie County",
        "McLean County",
        "McLennan County",
        "Meade County",
        "Mecklenburg County",
        "Mecosta County",
        "Medford Oregon",
        "Mendocino County",
        "Merced County",
        "Mercer County",
        "Merrimack County",
        "Metropolitan area Puerto Rico",
        "Miami County",
        "Miami-Dade County",
        "Michigan",
        "Mid-Columbia River Generation",
        "Middlesex County",
        "Midland County",
        "Milam County",
        "Mills County",
        "Milwaukee County",
        "Minidoka County",
        "Minneapolis/St. Paul area Minnesota",
        "Minnesota",
        "Missaukee County",
        "Mississippi",
        "Missouri",
        "Mitchell County",
        "Mohave County",
        "Monongalia County",
        "Monroe County",
        "Montague County",
        "Montana",
        "Montcalm County",
        "Montgomery County",
        "Montour County",
        "Moore",
        "Moore County",
        "Morgan County",
        "Morton County",
        "Mountrail County",
        "Muhlenberg County",
        "Multnomah County",
        "Muscatine County",
        "Muskegon County",
        "Muskingum County",
        "NV Energy",
        "Nacogdoches County",
        "Napa County",
        "Nashville",
        "Nassau County",
        "Natchitoches Parish",
        "Navarro County",
        "Nebraska",
        "Nelson County",
        "Nemaha County",
        "Nevada",
        "Nevada County",
        "New Castle",
        "New Castle County",
        "New Castle Delaware",
        "New Hampshire",
        "New Hanover County",
        "New Haven County",
        "New Jersey",
        "New Madrid County",
        "New Mexico",
        "New York",
        "New York County",
        "New York State Electric & Gas",
        "Newark",
        "Newaygo County",
        "Newburgh",
        "Newcastle",
        "Nez Perce County",
        "Niagara County",
        "Niagara County New York",
        "Nodaway County",
        "Nogales",
        "North Carolina",
        "North Central Indiana",
        "North Dakota",
        "North Texas",
        "North and Central",
        "North of Roosevelt lake Arizona",
        "North of San Francisco",
        "North/Central Alabama",
        "Northampton County",
        "Northeast Colorado",
        "Northeast Florida",
        "Northeast Minnesota",
        "Northeast Oklahoma",
        "Northeast Tennessee",
        "Northeastern Mississippi",
        "Northern",
        "Northern Alabama",
        "Northern California",
        "Northern Missouri",
        "Northern and Central California",
        "Northern/North Eastern",
        "Northern/Northeastern Georgia",
        "Northumberland County",
        "Northwest Virginia",
        "Nueces County",
        "Nye County",
        "Oakland County",
        "Oceana County",
        "Oconee County",
        "Oconto County",
        "Ogemaw County",
        "Ogle County",
        "Ohio",
        "Ohio County",
        "Okaloosa County",
        "Okanogan County",
        "Oklahoma",
        "Oklahoma County",
        "Okmulgee County",
        "Oldham County",
        "Oncor Electric Delivery Company LLC",
        "Oneida County",
        "Onondaga County",
        "Onslow County",
        "Orange County",
        "Orangeburg County",
        "Oregon",
        "Orleans Parish",
        "Orsted Americas",
        "Osage County",
        "Osceola County",
        "Oscoda County",
        "Otoe County",
        "Otsego County",
        "Ottawa County",
        "Otter Tail Power Co",
        "Ouachita County",
        "Ouachita Parish",
        "Outagamie County",
        "Oxford County",
        "Ozaukee County",
        "PA",
        "Pacific Gas & Electric Co",
        "Pacific Gas and Electric",
        "Pacificorp",
        "Pahrump Nevada",
        "Palm Beach County",
        "Palo Pinto County",
        "Panola County",
        "Parker County",
        "Pasco County",
        "Passaic County",
        "Pawnee County",
        "Pecos County",
        "Pend Oreille County",
        "Pender County",
        "Pennsylvania",
        "Penobscot County",
        "Perquimans County",
        "Philadelphia County",
        "Phoenix",
        "Piedmont North Carolina",
        "Piedmont South Carolina",
        "Pierce County",
        "Pike County",
        "Pima County",
        "Pinellas County",
        "Placer County",
        "Platte County",
        "Plumas County",
        "Plymouth County",
        "Pointe Coupee Parish",
        "Polk County",
        "Polk Substation",
        "Pope County",
        "Portage County",
        "Portland",
        "Posey County",
        "Pottawatomie County",
        "Potter County",
        "Power County",
        "Poweshiek County",
        "Prairie County",
        "Prescott Valley",
        "Prince George's County",
        "Prince George's County Maryland",
        "Providence County",
        "Prowers County",
        "Pueblo County",
        "Puerto Rico",
        "Pulaski County",
        "Putnam County",
        "Queen Anne&#39",
        "Queens County",
        "Racine County",
        "Rains County",
        "Ramsey County",
        "Randall County",
        "Randolph County",
        "Rankin County",
        "Rapides Parish",
        "Red River County",
        "Red River Parish",
        "Reeves County",
        "Refugio County",
        "Reno",
        "Reynolds County",
        "Rhode Island",
        "Richardson County",
        "Richie Station (No. 123)",
        "Richie Substation",
        "Richland County",
        "Richmond County",
        "Richmond Metro area",
        "Rio Grande Valley Texas",
        "Riverside County",
        "Roanoke County",
        "Robertson County",
        "Rochelle",
        "Rock Island County",
        "Rockland County",
        "Rockwall County",
        "Roosevelt County",
        "Roscommon County",
        "Roxboro Plant",
        "Rusk County",
        "Russell County",
        "S. Oklahoma City",
        "SE NM",
        "Sabine Parish",
        "Sacramento California",
        "Sacramento County",
        "Saginaw County",
        "Salem County",
        "Salt Lake City",
        "Salt Lake County",
        "Salt Lake County Utah",
        "San Bernardino County",
        "San Diego & Orange Counties",
        "San Diego County",
        "San Francisco",
        "San Joaquin County",
        "San Juan County",
        "San Patricio County",
        "Sand Springs - Fort Rock",
        "Sandoval County",
        "Sandusky County",
        "Sanilac County",
        "Santa Barbara County",
        "Santa Clara County",
        "Santa Cruz County",
        "Santa Fe County",
        "Santa Rosa County",
        "Saranac",
        "Saratoga",
        "Saratoga County",
        "Sarpy County",
        "Saunders County",
        "Schoharie County",
        "Schuyler County",
        "Schuylkill County",
        "Scott County",
        "Scotts Bluff County",
        "Seat Pleasant",
        "Seminole County",
        "Seminole Electric Cooperative Inc",
        "Sharkey County",
        "Shasta County",
        "Shawnee County",
        "Sheboygan County",
        "Shelby County",
        "Sherburne County",
        "Sherman County",
        "Shiawassee County",
        "Shoshone County",
        "Sierra County",
        "Siskiyou County",
        "Skagit County",
        "Smith County",
        "Snohomish County",
        "Snyder County",
        "Solano County",
        "Somerset County",
        "Somervell County",
        "Sonoma County",
        "South Carolina",
        "South Dakota",
        "South Eastern Michigan",
        "South of Humboldt",
        "Southeast Kansas",
        "Southeast Michigan",
        "Southeast Wisconsin",
        "Southeastern Michigan",
        "Southern Company Territory",
        "Southern Lower Penninsula",
        "Southern Mississippi",
        "Southern Orange County California",
        "Southern West Virginia",
        "Southwest Kansas",
        "Southwest Michigan",
        "Southwest Virginia",
        "Spencer County",
        "Spokane County",
        "St. Charles Parish",
        "St. Clair County",
        "St. Joseph County",
        "St. Landry Parish",
        "St. Louis County",
        "St. Louis Metro Area Missouri",
        "St. Martin Parish",
        "St. Mary Parish",
        "St. Tammany Parish",
        "Stanislaus County",
        "Stanley County",
        "Stark County",
        "Starr County",
        "Stephens County",
        "Stephenson County",
        "Sterling County",
        "Steuben County",
        "Stevens County",
        "Stockton",
        "Stokes County",
        "Story County",
        "Suffolk County",
        "Sullivan County",
        "Summit County",
        "Sumner County",
        "Sumter County",
        "Sunflower County",
        "Sunol",
        "Surry County",
        "Susquehanna County",
        "Sussex County",
        "Sutter County",
        "Suwannee County",
        "Sweetwater County",
        "Sweetwater County Wyoming",
        "System wide Puerto Rico",
        "System-wide Puerto Rico",
        "Systemwide Puerto Rico",
        "Tacoma Narrows Crossing",
        "Tacoma Park",
        "Tacoma Washington",
        "Talbot County",
        "Talladega County",
        "Tallapoosa County",
        "Tama County",
        "Tampa Electric Company",
        "Tangipahoa Parish",
        "Tarrant County",
        "Taylor County",
        "Tehama County",
        "Tennessee",
        "Terrebonne Parish",
        "Terrell County",
        "Texas",
        "Texas County",
        "Texas panhandle",
        "Thomas County",
        "Thurston",
        "Thurston County",
        "Thurston County and Kitsap County",
        "Tillamook County",
        "Tioga County",
        "Tompkins County",
        "Toole County",
        "Travis County",
        "Triad",
        "Trinity County",
        "Trumbull County",
        "Tucker County",
        "Tucson Electric Power",
        "Tulare County",
        "Tulsa",
        "Tuolumne County",
        "Tuscaloosa County",
        "Tuscola County",
        "Tuxedo",
        "Twin Falls",
        "Tyler County",
        "UMERC",
        "Uintah County",
        "Ulster County",
        "Umatilla County",
        "Union County",
        "Upstate New York",
        "Utah",
        "Utah County",
        "Utah-Idaho Border Utah",
        "Valencia County",
        "Valle",
        "Valley County",
        "Van Buren County",
        "Van Zandt County",
        "Vancouver",
        "Vanderburgh County",
        "Ventura County",
        "Vermilion Parish",
        "Vermont",
        "Vernon Parish",
        "Victoria County",
        "Victorville",
        "Vigo County",
        "Vilas County",
        "Virginia",
        "Virginia Service Territory",
        "Vollmers",
        "Volusia County",
        "WEC Energy Group (WEPCO",
        "WEP-MIUP)",
        "WPSC",
        "Wakulla County",
        "Walker County",
        "Walla Walla County",
        "Wallula",
        "Walsh County",
        "Walton County",
        "Walworth County",
        "Ward County",
        "Warren County",
        "Warrick County",
        "Washington",
        "Washington County",
        "Washington Parish",
        "Washington State",
        "Washoe County",
        "Washtenaw County",
        "Waukesha County",
        "Waupaca County",
        "Wayne County",
        "Webb County",
        "Weber County",
        "Webster County",
        "Weld County",
        "West Baton Rouge Parish",
        "West Tennessee",
        "West Virginia",
        "Westchester County",
        "Western Area Power Administration - Upper Great Plains Region - (NCR01036)",
        "Western British Columbia",
        "Western Massachusetts",
        "Western NY",
        "Western Piedmont North Carolina",
        "Western and Central Michigan",
        "Westmoreland County",
        "Weston",
        "Wexford County",
        "Whatcom",
        "Whatcom County",
        "Whatcom counties Washington",
        "White Pine County",
        "Whiting",
        "Whitman County",
        "Wibaux County",
        "Wichita County",
        "Wicomico County",
        "Will County",
        "Willacy County",
        "Williams County",
        "Williamsburg",
        "Williamsburg County",
        "Williamson County",
        "Wilmington",
        "Winn Parish",
        "Winnebago County",
        "Winona",
        "Winslow",
        "Wisconsin",
        "Wise County",
        "Wood County",
        "Woodford County",
        "Worcester County",
        "Wyandotte County",
        "Wynoochee",
        "Wyoming",
        "Wyoming County",
        "Yakima County",
        "Yamhill County",
        "Yell County",
        "Yolo County",
        "York County",
        "Young County",
        "Yuba County",
        "and Sedgwick Counties",
        "and Skagit",
        "s County"
    ]
}